{
  "Table_Automatic_01_v01": [0, 0.1, 0.2],
  "Table_Manual_01_v01": [0.800000011920929, 1],
  "Table_Small_01_v01": [0.800000011920929, 1]
}
